méthode, nb_villes, chemin, distance_totale, temps_execution, catégorie, epsilon, timeout
Incomplet 3,101,0 -> 34 -> 22 -> 39 -> 58 -> 67 -> 74 -> 9 -> 73 -> 7 -> 15 -> 6 -> 86 -> 44 -> 27 -> 71 -> 82 -> 69 -> 72 -> 56 -> 19 -> 92 -> 90 -> 45 -> 33 -> 38 -> 26 -> 87 -> 79 -> 62 -> 95 -> 13 -> 75 -> 46 -> 4 -> 57 -> 16 -> 41 -> 50 -> 42 -> 63 -> 85 -> 53 -> 91 -> 47 -> 30 -> 49 -> 83 -> 24 -> 25 -> 40 -> 23 -> 59 -> 76 -> 64 -> 10 -> 3 -> 36 -> 94 -> 66 -> 20 -> 8 -> 29 -> 54 -> 37 -> 17 -> 14 -> 81 -> 93 -> 52 -> 68 -> 70 -> 12 -> 55 -> 51 -> 11 -> 100 -> 35 -> 98 -> 2 -> 21 -> 80 -> 96 -> 18 -> 32 -> 99 -> 89 -> 88 -> 84 -> 97 -> 77 -> 65 -> 5 -> 43 -> 78 -> 48 -> 60 -> 61 -> 31 -> 28 -> 1,2128,900000,large,0,900000
Incomplet 3,81,0 -> 14 -> 45 -> 39 -> 22 -> 36 -> 19 -> 18 -> 69 -> 71 -> 20 -> 37 -> 77 -> 80 -> 47 -> 50 -> 17 -> 15 -> 40 -> 56 -> 44 -> 63 -> 61 -> 60 -> 4 -> 55 -> 43 -> 28 -> 76 -> 16 -> 31 -> 10 -> 52 -> 6 -> 49 -> 53 -> 74 -> 38 -> 7 -> 75 -> 34 -> 46 -> 23 -> 72 -> 5 -> 24 -> 35 -> 8 -> 29 -> 66 -> 3 -> 27 -> 54 -> 12 -> 25 -> 64 -> 78 -> 48 -> 57 -> 2 -> 32 -> 41 -> 65 -> 79 -> 26 -> 51 -> 11 -> 68 -> 73 -> 1 -> 67 -> 70 -> 9 -> 30 -> 13 -> 21 -> 62 -> 59 -> 42 -> 33 -> 58,1655,900000,large,0,900000
Incomplet 3,30,0 -> 2 -> 1 -> 23 -> 28 -> 8 -> 15 -> 18 -> 14 -> 20 -> 21 -> 22 -> 9 -> 13 -> 3 -> 19 -> 12 -> 17 -> 29 -> 4 -> 25 -> 27 -> 7 -> 16 -> 10 -> 5 -> 26 -> 6 -> 11 -> 24,605,900000,medium,0,900000
Incomplet 3,41,0 -> 23 -> 24 -> 39 -> 15 -> 33 -> 9 -> 2 -> 19 -> 31 -> 32 -> 10 -> 16 -> 34 -> 1 -> 4 -> 3 -> 29 -> 14 -> 20 -> 18 -> 21 -> 13 -> 26 -> 40 -> 8 -> 5 -> 11 -> 6 -> 38 -> 22 -> 36 -> 30 -> 28 -> 27 -> 12 -> 17 -> 25 -> 35 -> 7 -> 37,653,900000,medium,0,900000
Incomplet 3,61,0 -> 8 -> 14 -> 52 -> 60 -> 31 -> 50 -> 54 -> 1 -> 9 -> 32 -> 48 -> 22 -> 40 -> 13 -> 36 -> 45 -> 18 -> 35 -> 17 -> 12 -> 38 -> 21 -> 55 -> 23 -> 16 -> 30 -> 53 -> 56 -> 15 -> 42 -> 3 -> 33 -> 26 -> 47 -> 51 -> 2 -> 29 -> 11 -> 27 -> 41 -> 37 -> 20 -> 24 -> 10 -> 19 -> 58 -> 49 -> 28 -> 39 -> 46 -> 57 -> 44 -> 5 -> 25 -> 7 -> 4 -> 59 -> 34 -> 43 -> 6,1114,900000,medium,0,900000
Incomplet 3,10,0 -> 9 -> 3 -> 8 -> 4 -> 1 -> 6 -> 5 -> 7 -> 2,282,900000,small,0,900000
Incomplet 3,10,0 -> 9 -> 3 -> 8 -> 4 -> 6 -> 1 -> 5 -> 7 -> 2,285,900000,small,0,900000
Incomplet 3,20,0 -> 1 -> 19 -> 2 -> 17 -> 3 -> 16 -> 7 -> 11 -> 4 -> 14 -> 8 -> 10 -> 9 -> 18 -> 5 -> 13 -> 6 -> 15 -> 12,534,900000,small,0,900000
Incomplet 3,20,0 -> 2 -> 19 -> 1 -> 17 -> 3 -> 7 -> 14 -> 16 -> 11 -> 8 -> 4 -> 10 -> 9 -> 13 -> 5 -> 6 -> 18 -> 15 -> 12,664,900000,small,0,900000
Incomplet 3,25,0 -> 2 -> 1 -> 16 -> 13 -> 18 -> 17 -> 19 -> 3 -> 12 -> 8 -> 11 -> 4 -> 15 -> 24 -> 21 -> 23 -> 7 -> 14 -> 9 -> 5 -> 22 -> 6 -> 10 -> 20,447,900000,small,0,900000
Incomplet 3,25,0 -> 2 -> 1 -> 16 -> 13 -> 17 -> 18 -> 19 -> 12 -> 8 -> 3 -> 4 -> 15 -> 24 -> 21 -> 23 -> 11 -> 14 -> 7 -> 9 -> 5 -> 22 -> 6 -> 10 -> 20,591,900000,small,0,900000
Incomplet 3,4,0 -> 2 -> 1 -> 3,102,900000,small,0,900000
Incomplet 3,101,0 -> 9 -> 57 -> 84 -> 24 -> 10 -> 100 -> 54 -> 14 -> 52 -> 98 -> 21 -> 33 -> 27 -> 35 -> 3 -> 67 -> 70 -> 12 -> 68 -> 39 -> 17 -> 59 -> 49 -> 62 -> 65 -> 89 -> 48 -> 38 -> 23 -> 47 -> 73 -> 94 -> 19 -> 96 -> 16 -> 97 -> 63 -> 31 -> 77 -> 74 -> 78 -> 75 -> 45 -> 51 -> 86 -> 92 -> 42 -> 79 -> 61 -> 25 -> 58 -> 2 -> 15 -> 40 -> 60 -> 56 -> 50 -> 37 -> 26 -> 18 -> 29 -> 11 -> 46 -> 99 -> 4 -> 20 -> 88 -> 87 -> 66 -> 41 -> 71 -> 82 -> 13 -> 53 -> 90 -> 81 -> 80 -> 69 -> 32 -> 8 -> 34 -> 93 -> 85 -> 55 -> 83 -> 36 -> 22 -> 91 -> 95 -> 76 -> 7 -> 6 -> 5 -> 43 -> 44 -> 72 -> 30 -> 64 -> 28 -> 1,2122,300000,large,0,300000
Incomplet 3,81,0 -> 80 -> 23 -> 28 -> 50 -> 45 -> 1 -> 68 -> 40 -> 52 -> 13 -> 79 -> 35 -> 19 -> 72 -> 70 -> 60 -> 7 -> 61 -> 74 -> 18 -> 4 -> 37 -> 48 -> 49 -> 9 -> 30 -> 5 -> 51 -> 46 -> 31 -> 38 -> 53 -> 34 -> 26 -> 41 -> 25 -> 55 -> 32 -> 65 -> 73 -> 44 -> 66 -> 12 -> 11 -> 2 -> 58 -> 77 -> 57 -> 71 -> 54 -> 14 -> 36 -> 56 -> 16 -> 76 -> 63 -> 64 -> 8 -> 67 -> 43 -> 10 -> 20 -> 69 -> 24 -> 33 -> 39 -> 22 -> 75 -> 47 -> 15 -> 3 -> 62 -> 21 -> 17 -> 42 -> 29 -> 59 -> 78 -> 27 -> 6,1681,300000,large,0,300000
Incomplet 3,30,0 -> 2 -> 1 -> 23 -> 20 -> 28 -> 21 -> 15 -> 22 -> 19 -> 14 -> 3 -> 9 -> 18 -> 8 -> 13 -> 12 -> 4 -> 29 -> 17 -> 25 -> 27 -> 16 -> 7 -> 10 -> 5 -> 26 -> 6 -> 11 -> 24,606,300000,medium,0,300000
Incomplet 3,41,0 -> 29 -> 9 -> 34 -> 33 -> 3 -> 2 -> 23 -> 20 -> 19 -> 10 -> 32 -> 31 -> 14 -> 21 -> 39 -> 1 -> 24 -> 18 -> 13 -> 4 -> 36 -> 26 -> 22 -> 38 -> 17 -> 11 -> 5 -> 6 -> 28 -> 15 -> 27 -> 40 -> 16 -> 12 -> 25 -> 35 -> 30 -> 37 -> 7 -> 8,679,300000,medium,0,300000
Incomplet 3,61,0 -> 40 -> 48 -> 50 -> 1 -> 51 -> 32 -> 21 -> 38 -> 35 -> 53 -> 18 -> 31 -> 22 -> 54 -> 49 -> 20 -> 13 -> 39 -> 8 -> 45 -> 46 -> 60 -> 36 -> 37 -> 19 -> 56 -> 9 -> 4 -> 41 -> 26 -> 27 -> 11 -> 10 -> 23 -> 16 -> 47 -> 58 -> 7 -> 25 -> 15 -> 3 -> 52 -> 14 -> 30 -> 57 -> 28 -> 2 -> 29 -> 43 -> 44 -> 6 -> 42 -> 34 -> 17 -> 55 -> 24 -> 12 -> 33 -> 5 -> 59,1181,300000,medium,0,300000
Incomplet 3,10,0 -> 9 -> 3 -> 8 -> 4 -> 1 -> 6 -> 5 -> 7 -> 2,282,300000,small,0,300000
Incomplet 3,10,0 -> 9 -> 3 -> 8 -> 4 -> 6 -> 1 -> 5 -> 7 -> 2,285,300000,small,0,300000
Incomplet 3,20,0 -> 1 -> 19 -> 2 -> 17 -> 3 -> 16 -> 7 -> 11 -> 4 -> 14 -> 8 -> 10 -> 9 -> 5 -> 18 -> 13 -> 6 -> 15 -> 12,534,300000,small,0,300000
Incomplet 3,20,0 -> 2 -> 19 -> 1 -> 17 -> 3 -> 7 -> 14 -> 16 -> 11 -> 8 -> 4 -> 10 -> 9 -> 13 -> 5 -> 6 -> 18 -> 15 -> 12,664,300000,small,0,300000
Incomplet 3,25,0 -> 2 -> 1 -> 16 -> 13 -> 17 -> 18 -> 19 -> 3 -> 12 -> 8 -> 11 -> 4 -> 15 -> 24 -> 21 -> 23 -> 7 -> 14 -> 9 -> 5 -> 22 -> 6 -> 10 -> 20,447,300000,small,0,300000
Incomplet 3,25,0 -> 2 -> 1 -> 16 -> 13 -> 17 -> 18 -> 19 -> 12 -> 8 -> 3 -> 4 -> 15 -> 11 -> 24 -> 21 -> 23 -> 14 -> 7 -> 9 -> 5 -> 22 -> 10 -> 6 -> 20,584,300000,small,0,300000
Incomplet 3,4,0 -> 3 -> 1 -> 2,102,300000,small,0,300000
Incomplet 1,101,0 -> 90 -> 56 -> 93 -> 87 -> 98 -> 34 -> 36 -> 82 -> 94 -> 8 -> 86 -> 21 -> 18 -> 55 -> 43 -> 69 -> 14 -> 81 -> 91 -> 32 -> 67 -> 10 -> 77 -> 78 -> 5 -> 85 -> 70 -> 83 -> 7 -> 73 -> 96 -> 100 -> 99 -> 30 -> 89 -> 68 -> 49 -> 11 -> 65 -> 9 -> 57 -> 62 -> 79 -> 35 -> 26 -> 47 -> 66 -> 75 -> 2 -> 74 -> 17 -> 41 -> 59 -> 40 -> 64 -> 42 -> 4 -> 37 -> 24 -> 6 -> 60 -> 53 -> 12 -> 61 -> 88 -> 22 -> 97 -> 95 -> 28 -> 72 -> 20 -> 63 -> 54 -> 50 -> 1 -> 52 -> 25 -> 38 -> 33 -> 80 -> 71 -> 31 -> 15 -> 19 -> 76 -> 46 -> 92 -> 29 -> 13 -> 39 -> 84 -> 58 -> 45 -> 23 -> 16 -> 27 -> 48 -> 51 -> 3 -> 44,1304,1,large,0.6,0
Incomplet 1,101,0 -> 90 -> 56 -> 8 -> 86 -> 12 -> 81 -> 71 -> 18 -> 21 -> 36 -> 95 -> 97 -> 5 -> 24 -> 6 -> 20 -> 9 -> 65 -> 57 -> 42 -> 96 -> 73 -> 87 -> 16 -> 100 -> 33 -> 77 -> 82 -> 14 -> 54 -> 79 -> 58 -> 48 -> 99 -> 30 -> 89 -> 84 -> 72 -> 74 -> 44 -> 45 -> 38 -> 43 -> 75 -> 2 -> 28 -> 49 -> 50 -> 59 -> 11 -> 25 -> 15 -> 39 -> 60 -> 55 -> 27 -> 26 -> 10 -> 83 -> 22 -> 70 -> 53 -> 69 -> 29 -> 93 -> 3 -> 46 -> 1 -> 76 -> 32 -> 63 -> 35 -> 40 -> 23 -> 13 -> 41 -> 47 -> 66 -> 19 -> 34 -> 98 -> 85 -> 37 -> 4 -> 67 -> 52 -> 92 -> 80 -> 17 -> 68 -> 91 -> 51 -> 94 -> 88 -> 7 -> 62 -> 78 -> 61 -> 31 -> 64,1843,1,large,0.3,0
Incomplet 1,101,0 -> 90 -> 56 -> 8 -> 86 -> 12 -> 94 -> 53 -> 70 -> 85 -> 76 -> 36 -> 92 -> 93 -> 87 -> 98 -> 34 -> 13 -> 91 -> 27 -> 16 -> 55 -> 59 -> 23 -> 41 -> 15 -> 52 -> 19 -> 18 -> 21 -> 33 -> 80 -> 17 -> 71 -> 54 -> 81 -> 82 -> 14 -> 69 -> 7 -> 83 -> 58 -> 84 -> 39 -> 62 -> 6 -> 24 -> 22 -> 68 -> 89 -> 99 -> 88 -> 97 -> 95 -> 11 -> 65 -> 9 -> 57 -> 42 -> 4 -> 37 -> 79 -> 20 -> 72 -> 49 -> 48 -> 5 -> 78 -> 77 -> 3 -> 43 -> 74 -> 44 -> 75 -> 35 -> 40 -> 38 -> 47 -> 96 -> 73 -> 100 -> 26 -> 60 -> 30 -> 61 -> 10 -> 64 -> 67 -> 32 -> 50 -> 46 -> 31 -> 66 -> 2 -> 51 -> 28 -> 63 -> 45 -> 25 -> 1 -> 29,794,0,large,1,0
Incomplet 2,101,0 -> 73 -> 7 -> 77 -> 5 -> 62 -> 65 -> 43 -> 6 -> 72 -> 44 -> 49 -> 75 -> 60 -> 26 -> 30 -> 61 -> 31 -> 64 -> 45 -> 28 -> 50 -> 25 -> 46 -> 78 -> 1 -> 48 -> 47 -> 42 -> 29 -> 74 -> 76 -> 27 -> 66 -> 63 -> 51 -> 2 -> 32 -> 67 -> 10 -> 56 -> 90 -> 88 -> 99 -> 89 -> 68 -> 97 -> 24 -> 22 -> 39 -> 84 -> 58 -> 83 -> 15 -> 52 -> 19 -> 23 -> 59 -> 41 -> 16 -> 55 -> 91 -> 13 -> 87 -> 93 -> 98 -> 34 -> 36 -> 92 -> 70 -> 53 -> 94 -> 12 -> 86 -> 8 -> 85 -> 3 -> 35 -> 40 -> 38 -> 18 -> 21 -> 33 -> 80 -> 17 -> 71 -> 54 -> 81 -> 82 -> 14 -> 69 -> 100 -> 96 -> 20 -> 4 -> 37 -> 79 -> 9 -> 57 -> 11 -> 95,1443,1,large,0,0
Incomplet 1,81,0 -> 53 -> 60 -> 54 -> 51 -> 22 -> 77 -> 23 -> 80 -> 40 -> 2 -> 48 -> 1 -> 52 -> 79 -> 15 -> 32 -> 63 -> 35 -> 69 -> 3 -> 14 -> 30 -> 9 -> 13 -> 72 -> 49 -> 36 -> 37 -> 18 -> 19 -> 50 -> 39 -> 38 -> 29 -> 12 -> 68 -> 78 -> 8 -> 28 -> 74 -> 44 -> 21 -> 34 -> 65 -> 20 -> 66 -> 25 -> 57 -> 55 -> 67 -> 42 -> 59 -> 47 -> 64 -> 58 -> 11 -> 41 -> 26 -> 62 -> 75 -> 10 -> 16 -> 76 -> 46 -> 31 -> 73 -> 5 -> 7 -> 61 -> 27 -> 17 -> 24 -> 6 -> 45 -> 43 -> 56 -> 33 -> 71 -> 4 -> 70,908,0,large,0.6,0
Incomplet 1,81,0 -> 60 -> 54 -> 51 -> 50 -> 39 -> 47 -> 23 -> 77 -> 31 -> 79 -> 52 -> 35 -> 40 -> 80 -> 15 -> 63 -> 49 -> 28 -> 62 -> 21 -> 55 -> 14 -> 2 -> 67 -> 68 -> 78 -> 70 -> 53 -> 17 -> 45 -> 30 -> 74 -> 64 -> 71 -> 3 -> 43 -> 37 -> 69 -> 65 -> 26 -> 36 -> 66 -> 9 -> 19 -> 18 -> 44 -> 59 -> 32 -> 7 -> 56 -> 57 -> 48 -> 29 -> 6 -> 4 -> 34 -> 72 -> 8 -> 75 -> 5 -> 38 -> 22 -> 46 -> 27 -> 76 -> 16 -> 33 -> 11 -> 13 -> 42 -> 10 -> 25 -> 73 -> 41 -> 24 -> 12 -> 1 -> 20 -> 61 -> 58,1546,0,large,0.3,0
Incomplet 1,81,0 -> 53 -> 60 -> 54 -> 51 -> 50 -> 39 -> 22 -> 31 -> 47 -> 79 -> 52 -> 1 -> 63 -> 49 -> 36 -> 72 -> 71 -> 14 -> 45 -> 18 -> 19 -> 37 -> 9 -> 69 -> 30 -> 70 -> 3 -> 13 -> 20 -> 32 -> 15 -> 21 -> 62 -> 28 -> 77 -> 23 -> 80 -> 35 -> 40 -> 67 -> 55 -> 2 -> 12 -> 48 -> 68 -> 8 -> 64 -> 78 -> 29 -> 66 -> 25 -> 42 -> 59 -> 44 -> 7 -> 56 -> 38 -> 17 -> 4 -> 34 -> 65 -> 33 -> 5 -> 46 -> 76 -> 16 -> 10 -> 74 -> 27 -> 61 -> 43 -> 75 -> 26 -> 73 -> 6 -> 24 -> 11 -> 57 -> 58 -> 41,725,0,large,1,0
Incomplet 2,81,0 -> 53 -> 2 -> 79 -> 47 -> 1 -> 36 -> 35 -> 9 -> 62 -> 55 -> 3 -> 30 -> 13 -> 70 -> 38 -> 17 -> 34 -> 66 -> 78 -> 59 -> 7 -> 46 -> 61 -> 57 -> 5 -> 29 -> 6 -> 58 -> 11 -> 41 -> 65 -> 24 -> 33 -> 73 -> 16 -> 75 -> 26 -> 43 -> 10 -> 74 -> 42 -> 25 -> 44 -> 76 -> 27 -> 56 -> 4 -> 21 -> 12 -> 64 -> 32 -> 15 -> 20 -> 37 -> 69 -> 18 -> 67 -> 68 -> 19 -> 50 -> 39 -> 54 -> 60 -> 51 -> 22 -> 31 -> 52 -> 63 -> 49 -> 72 -> 71 -> 14 -> 45 -> 8 -> 48 -> 40 -> 80 -> 23 -> 77 -> 28,1439,1,large,0,0
Incomplet 1,30,0 -> 2 -> 1 -> 28 -> 22 -> 18 -> 14 -> 9 -> 23 -> 20 -> 21 -> 19 -> 13 -> 15 -> 8 -> 3 -> 12 -> 4 -> 29 -> 17 -> 7 -> 25 -> 27 -> 16 -> 10 -> 5 -> 26 -> 11 -> 6 -> 24,631,0,medium,0.6,0
Incomplet 1,30,0 -> 2 -> 1 -> 18 -> 22 -> 19 -> 9 -> 14 -> 15 -> 8 -> 28 -> 23 -> 20 -> 3 -> 12 -> 13 -> 4 -> 29 -> 17 -> 25 -> 7 -> 27 -> 16 -> 21 -> 5 -> 10 -> 26 -> 6 -> 11 -> 24,660,0,medium,0.3,0
Incomplet 1,30,0 -> 2 -> 1 -> 22 -> 18 -> 14 -> 9 -> 19 -> 8 -> 28 -> 13 -> 15 -> 21 -> 20 -> 23 -> 3 -> 12 -> 4 -> 29 -> 17 -> 25 -> 7 -> 27 -> 10 -> 16 -> 5 -> 26 -> 6 -> 11 -> 24,645,0,medium,1,0
Incomplet 2,30,0 -> 2 -> 1 -> 15 -> 9 -> 21 -> 3 -> 13 -> 20 -> 18 -> 19 -> 22 -> 8 -> 12 -> 17 -> 29 -> 4 -> 7 -> 25 -> 27 -> 16 -> 10 -> 5 -> 14 -> 28 -> 23 -> 11 -> 6 -> 24 -> 26,672,0,medium,0,0
Incomplet 1,41,0 -> 23 -> 24 -> 39 -> 3 -> 33 -> 15 -> 2 -> 1 -> 21 -> 29 -> 9 -> 20 -> 34 -> 16 -> 10 -> 4 -> 19 -> 22 -> 32 -> 31 -> 14 -> 13 -> 18 -> 30 -> 5 -> 8 -> 26 -> 28 -> 40 -> 17 -> 11 -> 6 -> 36 -> 38 -> 37 -> 7 -> 25 -> 12 -> 35 -> 27,658,0,medium,0.6,0
Incomplet 1,41,0 -> 15 -> 34 -> 23 -> 29 -> 9 -> 3 -> 2 -> 1 -> 10 -> 39 -> 21 -> 16 -> 31 -> 14 -> 33 -> 32 -> 19 -> 13 -> 22 -> 24 -> 40 -> 20 -> 30 -> 17 -> 11 -> 28 -> 4 -> 18 -> 38 -> 26 -> 8 -> 6 -> 27 -> 12 -> 25 -> 5 -> 35 -> 7 -> 37 -> 36,725,0,medium,0.3,0
Incomplet 1,41,0 -> 33 -> 15 -> 9 -> 29 -> 23 -> 34 -> 1 -> 39 -> 24 -> 3 -> 19 -> 20 -> 10 -> 16 -> 21 -> 31 -> 14 -> 4 -> 22 -> 32 -> 2 -> 13 -> 18 -> 5 -> 30 -> 26 -> 8 -> 28 -> 40 -> 17 -> 11 -> 36 -> 38 -> 6 -> 37 -> 7 -> 25 -> 12 -> 27 -> 35,638,0,medium,1,0
Incomplet 2,41,0 -> 33 -> 15 -> 9 -> 29 -> 23 -> 3 -> 2 -> 34 -> 19 -> 10 -> 32 -> 4 -> 14 -> 22 -> 16 -> 21 -> 13 -> 18 -> 40 -> 8 -> 30 -> 26 -> 17 -> 11 -> 36 -> 6 -> 38 -> 27 -> 7 -> 12 -> 25 -> 35 -> 37 -> 28 -> 5 -> 31 -> 20 -> 24 -> 39 -> 1,831,0,medium,0,0
Incomplet 1,61,0 -> 48 -> 39 -> 2 -> 28 -> 23 -> 51 -> 19 -> 49 -> 40 -> 36 -> 8 -> 14 -> 54 -> 60 -> 31 -> 47 -> 18 -> 53 -> 52 -> 30 -> 21 -> 13 -> 9 -> 15 -> 32 -> 22 -> 34 -> 17 -> 56 -> 29 -> 46 -> 55 -> 27 -> 20 -> 1 -> 3 -> 12 -> 33 -> 44 -> 5 -> 7 -> 59 -> 25 -> 42 -> 58 -> 38 -> 6 -> 4 -> 50 -> 16 -> 43 -> 57 -> 35 -> 26 -> 24 -> 37 -> 45 -> 41 -> 11 -> 10,805,0,medium,0.6,0
Incomplet 1,61,0 -> 54 -> 28 -> 47 -> 31 -> 60 -> 14 -> 53 -> 52 -> 49 -> 40 -> 36 -> 35 -> 48 -> 45 -> 2 -> 21 -> 39 -> 51 -> 55 -> 50 -> 18 -> 23 -> 42 -> 15 -> 59 -> 10 -> 29 -> 37 -> 19 -> 25 -> 4 -> 9 -> 34 -> 33 -> 43 -> 46 -> 5 -> 30 -> 44 -> 17 -> 56 -> 22 -> 16 -> 27 -> 11 -> 38 -> 12 -> 20 -> 24 -> 26 -> 13 -> 7 -> 8 -> 58 -> 32 -> 3 -> 6 -> 57 -> 41 -> 1,1050,0,medium,0.3,0
Incomplet 1,61,0 -> 48 -> 51 -> 22 -> 54 -> 14 -> 60 -> 31 -> 47 -> 53 -> 52 -> 50 -> 18 -> 23 -> 2 -> 28 -> 39 -> 45 -> 35 -> 8 -> 36 -> 40 -> 20 -> 49 -> 37 -> 19 -> 9 -> 15 -> 13 -> 32 -> 38 -> 3 -> 1 -> 21 -> 55 -> 12 -> 56 -> 17 -> 34 -> 4 -> 30 -> 25 -> 7 -> 59 -> 42 -> 33 -> 46 -> 16 -> 27 -> 29 -> 10 -> 57 -> 44 -> 5 -> 43 -> 6 -> 26 -> 24 -> 41 -> 11 -> 58,729,0,medium,1,0
Incomplet 2,61,0 -> 48 -> 2 -> 47 -> 1 -> 36 -> 15 -> 32 -> 9 -> 55 -> 3 -> 13 -> 30 -> 12 -> 38 -> 29 -> 17 -> 34 -> 7 -> 59 -> 46 -> 16 -> 5 -> 57 -> 33 -> 25 -> 43 -> 58 -> 6 -> 11 -> 41 -> 24 -> 26 -> 10 -> 42 -> 44 -> 27 -> 56 -> 4 -> 21 -> 20 -> 37 -> 35 -> 18 -> 19 -> 51 -> 22 -> 54 -> 14 -> 60 -> 31 -> 53 -> 52 -> 50 -> 23 -> 28 -> 39 -> 45 -> 8 -> 49 -> 40,1256,0,medium,0,0
Incomplet 1,10,0 -> 9 -> 3 -> 8 -> 4 -> 1 -> 6 -> 5 -> 7 -> 2,282,0,small,0.6,0
Incomplet 1,10,0 -> 9 -> 3 -> 8 -> 4 -> 1 -> 6 -> 5 -> 7 -> 2,282,0,small,0.3,0
Incomplet 1,10,0 -> 9 -> 3 -> 8 -> 4 -> 1 -> 6 -> 5 -> 7 -> 2,282,0,small,1,0
Incomplet 2,10,0 -> 9 -> 3 -> 8 -> 4 -> 6 -> 1 -> 5 -> 7 -> 2,289,0,small,0,0
Incomplet 1,10,0 -> 9 -> 3 -> 8 -> 4 -> 6 -> 1 -> 5 -> 7 -> 2,285,0,small,0.6,0
Incomplet 1,10,0 -> 9 -> 3 -> 8 -> 4 -> 6 -> 1 -> 5 -> 7 -> 2,285,0,small,0.3,0
Incomplet 1,10,0 -> 9 -> 3 -> 8 -> 4 -> 6 -> 1 -> 5 -> 7 -> 2,285,0,small,1,0
Incomplet 2,10,0 -> 9 -> 3 -> 8 -> 4 -> 6 -> 1 -> 5 -> 7 -> 2,285,0,small,0,0
Incomplet 1,20,0 -> 1 -> 19 -> 2 -> 17 -> 3 -> 7 -> 16 -> 11 -> 4 -> 14 -> 8 -> 10 -> 9 -> 5 -> 18 -> 13 -> 6 -> 15 -> 12,539,0,small,0.6,0
Incomplet 1,20,0 -> 1 -> 19 -> 17 -> 2 -> 3 -> 16 -> 7 -> 11 -> 4 -> 14 -> 8 -> 10 -> 9 -> 6 -> 5 -> 18 -> 13 -> 15 -> 12,559,0,small,0.3,0
Incomplet 1,20,0 -> 1 -> 19 -> 2 -> 17 -> 3 -> 7 -> 16 -> 11 -> 4 -> 14 -> 10 -> 8 -> 9 -> 18 -> 13 -> 6 -> 5 -> 15 -> 12,561,0,small,1,0
Incomplet 2,20,0 -> 1 -> 19 -> 2 -> 17 -> 3 -> 16 -> 7 -> 11 -> 4 -> 14 -> 8 -> 10 -> 9 -> 6 -> 13 -> 18 -> 5 -> 15 -> 12,537,0,small,0,0
Incomplet 1,20,0 -> 2 -> 19 -> 1 -> 17 -> 3 -> 7 -> 16 -> 11 -> 14 -> 8 -> 4 -> 10 -> 9 -> 13 -> 5 -> 6 -> 18 -> 15 -> 12,673,0,small,0.6,0
Incomplet 1,20,0 -> 2 -> 17 -> 1 -> 19 -> 3 -> 7 -> 11 -> 16 -> 14 -> 4 -> 10 -> 8 -> 9 -> 13 -> 5 -> 6 -> 18 -> 15 -> 12,677,0,small,0.3,0
Incomplet 1,20,0 -> 2 -> 17 -> 1 -> 19 -> 3 -> 7 -> 16 -> 11 -> 4 -> 14 -> 10 -> 8 -> 9 -> 5 -> 6 -> 18 -> 13 -> 15 -> 12,699,0,small,1,0
Incomplet 2,20,0 -> 19 -> 2 -> 1 -> 17 -> 3 -> 16 -> 7 -> 11 -> 4 -> 14 -> 8 -> 10 -> 9 -> 6 -> 13 -> 18 -> 5 -> 15 -> 12,718,0,small,0,0
Incomplet 1,25,0 -> 2 -> 1 -> 16 -> 13 -> 8 -> 17 -> 18 -> 19 -> 3 -> 12 -> 11 -> 4 -> 15 -> 24 -> 21 -> 7 -> 23 -> 14 -> 9 -> 5 -> 22 -> 6 -> 10 -> 20,473,0,small,0.6,0
Incomplet 1,25,0 -> 2 -> 1 -> 16 -> 13 -> 18 -> 19 -> 17 -> 3 -> 8 -> 12 -> 11 -> 4 -> 15 -> 24 -> 21 -> 23 -> 7 -> 14 -> 9 -> 5 -> 22 -> 6 -> 10 -> 20,475,1,small,0.3,0
Incomplet 1,25,0 -> 2 -> 1 -> 16 -> 17 -> 13 -> 8 -> 19 -> 3 -> 12 -> 18 -> 11 -> 15 -> 24 -> 4 -> 21 -> 7 -> 23 -> 14 -> 9 -> 5 -> 22 -> 6 -> 10 -> 20,484,0,small,1,0
Incomplet 2,25,0 -> 2 -> 1 -> 16 -> 13 -> 8 -> 18 -> 3 -> 12 -> 19 -> 17 -> 11 -> 15 -> 24 -> 4 -> 7 -> 21 -> 23 -> 14 -> 9 -> 5 -> 22 -> 6 -> 10 -> 20,498,0,small,0,0
Incomplet 1,25,0 -> 2 -> 1 -> 16 -> 13 -> 17 -> 18 -> 3 -> 8 -> 19 -> 12 -> 11 -> 4 -> 15 -> 21 -> 24 -> 23 -> 14 -> 7 -> 9 -> 5 -> 22 -> 10 -> 6 -> 20,615,0,small,0.6,0
Incomplet 1,25,0 -> 2 -> 1 -> 16 -> 17 -> 13 -> 18 -> 19 -> 3 -> 12 -> 4 -> 15 -> 8 -> 24 -> 21 -> 23 -> 7 -> 14 -> 11 -> 9 -> 5 -> 22 -> 10 -> 20 -> 6,640,0,small,0.3,0
Incomplet 1,25,0 -> 2 -> 1 -> 16 -> 13 -> 8 -> 17 -> 18 -> 19 -> 12 -> 3 -> 11 -> 4 -> 15 -> 24 -> 21 -> 7 -> 23 -> 14 -> 9 -> 5 -> 22 -> 6 -> 10 -> 20,649,0,small,1,0
Incomplet 2,25,0 -> 2 -> 1 -> 16 -> 13 -> 8 -> 18 -> 3 -> 12 -> 19 -> 4 -> 15 -> 24 -> 11 -> 7 -> 21 -> 14 -> 9 -> 23 -> 5 -> 17 -> 6 -> 10 -> 20 -> 22,687,0,small,0,0
Incomplet 1,4,0 -> 2 -> 1 -> 3,102,0,small,0.6,0
Incomplet 1,4,0 -> 2 -> 1 -> 3,102,0,small,0.3,0
Incomplet 1,4,0 -> 2 -> 1 -> 3,102,0,small,1,0
Incomplet 2,4,0 -> 3 -> 1 -> 2,102,0,small,0,0
Complete,4,"0 Time(0,0) -> 3 Time(25,25) -> 1 Time(55,55) -> 2 Time(62,62) -> 0 Time(74,74)",74,9.10449028,small,,0
Complete,10,"0 Time(0,0) -> 9 Time(68,146) -> 8 Time(217,295) -> 3 Time(359,437) -> 5 Time(500,578) -> 4 Time(518,642) -> 1 Time(530,654) -> 6 Time(548,672) -> 2 Time(600,689) -> 7 Time(611,700) -> 0 Time(626,835)",189,9.351015091,small,,120
Complete,10,"0 Time(0,0) -> 3 Time(60,136) -> 8 Time(150,277) -> 9 Time(242,421) -> 4 Time(380,559) -> 5 Time(500,679) -> 7 Time(530,700) -> 2 Time(600,836) -> 6 Time(618,900) -> 1 Time(631,1033) -> 0 Time(642,1164)",174,9.497642517,small,,120
Complete,20,"0 Time(0,0) -> 17 Time(35,138) -> 3 Time(168,274) -> 8 Time(310,416) -> 16 Time(326,552) -> 5 Time(420,693) -> 18 Time(444,784) -> 1 Time(463,803) -> 19 Time(481,821) -> 11 Time(500,840) -> 10 Time(514,854) -> 9 Time(536,876) -> 13 Time(557,897) -> 7 Time(568,908) -> 2 Time(579,919) -> 14 Time(595,935) -> 4 Time(610,950) -> 12 Time(633,1010) -> 6 Time(648,1025) -> 15 Time(668,1045) -> 0 Time(683,1180)",344,6272.384167,small,,120
Complete,20,"0 Time(0,0) -> 1 Time(90,134) -> 19 Time(111,275) -> 4 Time(250,421) -> 3 Time(339,560) -> 9 Time(484,671) -> 12 Time(633,700) -> 10 Time(646,713) -> 11 Time(663,730) -> 5 Time(688,755) -> 13 Time(712,779) -> 8 Time(732,799) -> 16 Time(753,820) -> 17 Time(777,844) -> 14 Time(803,870) -> 15 Time(827,894) -> 18 Time(853,920) -> 6 Time(875,942) -> 2 Time(896,963) -> 7 Time(913,980) -> 0 Time(929,1116)",430,19.74797249,small,,120
Complete,25,"0 Time(0,0) -> 1 Time(50,135) -> 13 Time(119,269) -> 15 Time(240,390) -> 7 Time(280,513) -> 8 Time(317,636) -> 10 Time(440,759) -> 12 Time(444,770) -> 3 Time(459,785) -> 22 Time(472,798) -> 23 Time(474,800) -> 19 Time(477,803) -> 16 Time(480,806) -> 17 Time(486,812) -> 18 Time(488,814) -> 4 Time(500,826) -> 21 Time(512,838) -> 20 Time(518,844) -> 24 Time(524,850) -> 14 Time(527,853) -> 9 Time(528,854) -> 11 Time(531,857) -> 6 Time(534,860) -> 5 Time(543,963) -> 2 Time(555,975) -> 0 Time(579,1119)",178,21.80528641,small,,120
Complete,25,"0 Time(0,0) -> 1 Time(50,145) -> 2 Time(68,283) -> 8 Time(175,421) -> 4 Time(304,550) -> 6 Time(435,679) -> 5 Time(440,684) -> 13 Time(448,692) -> 24 Time(454,698) -> 21 Time(463,707) -> 20 Time(469,713) -> 23 Time(475,719) -> 22 Time(477,721) -> 19 Time(483,727) -> 17 Time(498,742) -> 18 Time(504,748) -> 16 Time(518,762) -> 9 Time(525,769) -> 10 Time(534,778) -> 11 Time(546,790) -> 12 Time(553,797) -> 7 Time(562,806) -> 15 Time(566,810) -> 14 Time(569,853) -> 3 Time(586,870) -> 0 Time(625,1029)",271,19.30713654,small,,120
Complete,30,"0 Time(0,0) -> 1 Time(58,66) -> 2 Time(109,117) -> 3 Time(163,171) -> 9 Time(204,212) -> 4 Time(240,248) -> 14 Time(251,286) -> 17 Time(289,324) -> 16 Time(326,361) -> 15 Time(366,401) -> 7 Time(401,436) -> 11 Time(440,475) -> 10 Time(452,517) -> 6 Time(458,553) -> 12 Time(464,589) -> 25 Time(470,625) -> 23 Time(475,660) -> 24 Time(484,699) -> 26 Time(491,736) -> 27 Time(498,773) -> 29 Time(504,809) -> 28 Time(509,844) -> 21 Time(519,867) -> 20 Time(528,876) -> 22 Time(534,882) -> 18 Time(537,885) -> 19 Time(540,888) -> 13 Time(542,890) -> 8 Time(546,924) -> 5 Time(549,957) -> 0 Time(593,1031)",298,29.37340736,medium,,30
Complete,41,"0 Time(0,0) -> 33 Time(7,7) -> 15 Time(10,10) -> 9 Time(13,13) -> 29 Time(16,16) -> 23 Time(22,22) -> 34 Time(32,32) -> 1 Time(40,40) -> 39 Time(47,47) -> 24 Time(58,58) -> 3 Time(78,78) -> 20 Time(87,87) -> 16 Time(96,96) -> 2 Time(109,109) -> 10 Time(125,125) -> 31 Time(135,135) -> 14 Time(141,141) -> 19 Time(151,151) -> 4 Time(158,158) -> 32 Time(173,173) -> 22 Time(177,177) -> 21 Time(199,199) -> 13 Time(229,229) -> 18 Time(240,240) -> 5 Time(252,252) -> 40 Time(273,273) -> 30 Time(291,291) -> 8 Time(293,293) -> 28 Time(299,299) -> 26 Time(308,308) -> 38 Time(323,323) -> 11 Time(343,343) -> 17 Time(355,355) -> 6 Time(376,376) -> 36 Time(387,387) -> 27 Time(428,428) -> 12 Time(446,446) -> 25 Time(450,450) -> 35 Time(464,464) -> 7 Time(473,473) -> 37 Time(475,475) -> 0 Time(484,484)",484,28.17344666,medium,,0
Complete,61,"0 Time(0,0) -> 48 Time(29,34) -> 51 Time(62,67) -> 15 Time(95,100) -> 9 Time(110,133) -> 38 Time(146,169) -> 3 Time(180,203) -> 1 Time(210,233) -> 36 Time(256,279) -> 8 Time(289,312) -> 45 Time(323,346) -> 57 Time(355,378) -> 35 Time(387,410) -> 26 Time(420,443) -> 24 Time(450,479) -> 40 Time(453,512) -> 20 Time(457,546) -> 49 Time(460,579) -> 37 Time(467,616) -> 19 Time(470,649) -> 17 Time(474,683) -> 34 Time(474,713) -> 56 Time(474,734) -> 12 Time(479,739) -> 33 Time(479,739) -> 6 Time(481,741) -> 54 Time(483,743) -> 14 Time(486,746) -> 60 Time(489,749) -> 31 Time(491,751) -> 43 Time(496,756) -> 21 Time(499,759) -> 2 Time(502,762) -> 28 Time(503,763) -> 41 Time(506,766) -> 10 Time(512,772) -> 29 Time(518,778) -> 11 Time(521,781) -> 39 Time(523,783) -> 23 Time(529,789) -> 55 Time(530,790) -> 27 Time(534,794) -> 16 Time(542,802) -> 46 Time(544,804) -> 18 Time(547,807) -> 47 Time(549,809) -> 53 Time(552,812) -> 50 Time(561,821) -> 44 Time(566,826) -> 30 Time(569,829) -> 52 Time(574,834) -> 5 Time(579,839) -> 4 Time(582,842) -> 25 Time(588,848) -> 7 Time(594,854) -> 32 Time(599,859) -> 59 Time(600,860) -> 58 Time(600,860) -> 22 Time(602,877) -> 42 Time(611,886) -> 13 Time(615,890) -> 0 Time(621,926)",230,51.24545097,medium,,30
Complete,81,"0 Time(0,0) -> 1 Time(50,65) -> 32 Time(111,126) -> 52 Time(174,189) -> 15 Time(237,252) -> 44 Time(297,312) -> 21 Time(358,373) -> 26 Time(420,435) -> 62 Time(423,498) -> 75 Time(426,561) -> 74 Time(426,604) -> 80 Time(432,610) -> 23 Time(437,615) -> 77 Time(440,618) -> 28 Time(446,624) -> 10 Time(450,628) -> 16 Time(451,629) -> 76 Time(454,632) -> 46 Time(458,636) -> 22 Time(458,636) -> 31 Time(462,640) -> 47 Time(465,643) -> 73 Time(468,646) -> 59 Time(472,650) -> 79 Time(473,651) -> 35 Time(480,658) -> 40 Time(484,662) -> 67 Time(491,669) -> 55 Time(494,672) -> 2 Time(494,672) -> 41 Time(494,672) -> 42 Time(498,676) -> 25 Time(504,682) -> 12 Time(507,685) -> 58 Time(512,690) -> 29 Time(516,694) -> 48 Time(517,695) -> 57 Time(518,696) -> 8 Time(520,698) -> 11 Time(521,699) -> 68 Time(523,701) -> 78 Time(523,701) -> 64 Time(526,704) -> 71 Time(541,719) -> 3 Time(544,722) -> 69 Time(546,724) -> 45 Time(551,729) -> 70 Time(554,732) -> 30 Time(557,735) -> 14 Time(558,736) -> 9 Time(561,739) -> 33 Time(564,742) -> 24 Time(567,745) -> 13 Time(570,748) -> 72 Time(571,749) -> 49 Time(574,752) -> 36 Time(577,755) -> 66 Time(578,756) -> 20 Time(581,759) -> 65 Time(584,762) -> 63 Time(587,765) -> 34 Time(590,768) -> 6 Time(593,771) -> 37 Time(595,773) -> 4 Time(597,775) -> 18 Time(602,780) -> 19 Time(603,781) -> 50 Time(608,786) -> 39 Time(609,787) -> 27 Time(610,788) -> 61 Time(611,789) -> 43 Time(620,798) -> 51 Time(628,806) -> 60 Time(629,807) -> 54 Time(629,807) -> 17 Time(632,810) -> 53 Time(634,872) -> 56 Time(637,912) -> 38 Time(640,915) -> 5 Time(644,919) -> 7 Time(645,920) -> 0 Time(646,981)",241,133.0280304,large,,60
Complete,101,"0 Time(0,0) -> 90 Time(0,0) -> 88 Time(3,3) -> 99 Time(6,6) -> 89 Time(8,8) -> 68 Time(8,8) -> 97 Time(11,11) -> 95 Time(13,13) -> 24 Time(17,17) -> 22 Time(18,18) -> 6 Time(21,21) -> 39 Time(23,23) -> 84 Time(25,25) -> 58 Time(28,28) -> 86 Time(34,34) -> 12 Time(37,37) -> 70 Time(41,41) -> 85 Time(43,43) -> 76 Time(46,46) -> 36 Time(48,48) -> 98 Time(51,51) -> 34 Time(51,51) -> 93 Time(54,54) -> 87 Time(56,56) -> 13 Time(60,60) -> 91 Time(62,62) -> 27 Time(64,64) -> 16 Time(66,66) -> 55 Time(66,66) -> 59 Time(69,69) -> 23 Time(70,70) -> 41 Time(73,73) -> 74 Time(76,76) -> 77 Time(85,85) -> 3 Time(88,88) -> 92 Time(105,105) -> 53 Time(111,111) -> 67 Time(117,117) -> 10 Time(118,118) -> 56 Time(121,121) -> 8 Time(124,124) -> 62 Time(130,130) -> 5 Time(139,139) -> 32 Time(151,151) -> 11 Time(173,173) -> 65 Time(177,177) -> 57 Time(178,178) -> 9 Time(180,180) -> 42 Time(183,183) -> 4 Time(185,185) -> 37 Time(187,187) -> 79 Time(189,189) -> 20 Time(194,194) -> 72 Time(199,199) -> 69 Time(203,203) -> 14 Time(207,207) -> 82 Time(209,209) -> 81 Time(209,209) -> 54 Time(210,210) -> 100 Time(213,213) -> 96 Time(216,216) -> 73 Time(218,218) -> 52 Time(222,222) -> 15 Time(222,222) -> 19 Time(226,226) -> 18 Time(231,231) -> 21 Time(231,231) -> 33 Time(232,232) -> 80 Time(235,235) -> 17 Time(239,239) -> 71 Time(239,239) -> 7 Time(253,253) -> 83 Time(254,254) -> 48 Time(260,260) -> 60 Time(267,267) -> 49 Time(276,276) -> 44 Time(304,304) -> 75 Time(309,309) -> 26 Time(312,312) -> 47 Time(315,315) -> 40 Time(318,318) -> 35 Time(321,321) -> 38 Time(328,328) -> 78 Time(350,350) -> 43 Time(358,358) -> 61 Time(387,387) -> 64 Time(390,390) -> 30 Time(401,401) -> 50 Time(407,407) -> 46 Time(422,422) -> 63 Time(430,430) -> 31 Time(439,439) -> 51 Time(460,460) -> 45 Time(493,493) -> 2 Time(518,518) -> 28 Time(546,546) -> 66 Time(570,570) -> 1 Time(600,600) -> 25 Time(632,632) -> 29 Time(656,656) -> 94 Time(665,665) -> 0 Time(677,677)",677,136.084795,large,,0
